Name,Code,Region,Income,1960,1961,1962,1963,1964,1965,1966,1967,1968,1969,1970,1971,1972,1973,1974,1975,1976,1977,1978,1979,1980,1981,1982,1983,1984,1985,1986,1987,1988,1989,1990,1991,1992,1993,1994,1995,1996,1997,1998,1999,2000,2001,2002,2003,2004,2005,2006,2007,2008,2009,2010,2011,2012,2013,2014,2015,2016
Aruba,ABW,Latin America & Caribbean,High income,,,,,,,,,,,,,,,,,,,,,,,,,,,,,,,0.000,,,,,,2.768,,,4.506,15.443,17.100,18.800,20.800,23.000,25.400,28.000,30.900,52.000,58.000,62.000,69.000,74.000,78.900,83.780,88.661,93.542
Afghanistan,AFG,South Asia,Low income,,,,,,,,,,,,,,,,,,,,,,,,,,,,,,,0.000,,,,,,,,,,,0.005,0.005,0.088,0.106,1.224,2.107,1.900,1.840,3.550,4.000,5.000,5.455,5.900,7.000,8.260,10.596
Angola,AGO,Sub-Saharan Africa,Lower middle income,,,,,,,,,,,,,,,,,,,,,,,,,,,,,,,0.000,,,,,,0.001,0.006,0.018,0.072,0.105,0.136,0.270,0.371,0.465,1.143,1.500,1.700,1.900,2.300,2.800,3.100,6.500,8.900,10.200,12.400,13.000
Albania,ALB,Europe & Central Asia,Upper middle income,,,,,,,,,,,,,,,,,,,,,,,,,,,,,,,0.000,,,,,0.011,0.032,0.049,0.065,0.081,0.114,0.326,0.390,0.972,2.420,6.044,9.610,15.036,23.860,41.200,45.000,49.000,54.656,57.200,60.100,63.253,66.363
Andorra,AND,Europe & Central Asia,High income,,,,,,,,,,,,,,,,,,,,,,,,,,,,,,,0.000,,,,,,1.527,3.050,6.886,7.636,10.539,,11.260,13.546,26.838,37.606,48.937,70.870,70.040,78.530,81.000,81.000,86.434,94.000,95.900,96.910,97.931
Arab World,ARB,,,,,,,,,,,,,,,,,,,,,,,,,,,,,,,,,0.000,,,,,0.018,0.039,0.136,0.270,0.617,1.174,1.607,2.768,3.748,7.235,8.635,11.664,14.315,18.496,21.426,24.776,26.583,30.178,32.928,36.458,39.852,42.525
United Arab Emirates,ARE,Middle East & North Africa,High income,,,,,,,,,,,,,,,,,,,,,,,,,,,,,,,0.000,,,,,0.103,0.375,3.296,6.908,14.943,23.625,26.272,28.316,29.478,30.131,40.000,52.000,61.000,63.000,64.000,68.000,78.000,85.000,88.000,90.400,90.500,90.600
Argentina,ARG,Latin America & Caribbean,High income,,,,,,,,,,,,,,,,,,,,,,,,,,,,,,,0.000,,0.003,0.030,0.044,0.086,0.142,0.280,0.831,3.284,7.039,9.781,10.882,11.914,16.037,17.721,20.927,25.947,28.113,34.000,45.000,51.000,55.800,59.900,64.700,68.043,70.969
Armenia,ARM,Europe & Central Asia,Upper middle income,,,,,,,,,,,,,,,,,,,,,,,,,,,,,,,0.000,,,,0.009,0.053,0.095,0.112,0.129,0.971,1.300,1.631,1.960,4.575,4.899,5.253,5.632,6.021,6.210,15.300,25.000,32.000,37.500,41.900,54.623,64.346,67.000
American Samoa,ASM,East Asia & Pacific,Upper middle income,,,,,,,,,,,,,,,,,,,,,,,,,,,,,,,0.000,,,,,,,,,,,,,,,,,,,,,,,,,,
Antigua and Barbuda,ATG,Latin America & Caribbean,High income,,,,,,,,,,,,,,,,,,,,,,,,,,,,,,,0.000,,,,,2.201,2.858,3.481,4.072,5.301,6.482,8.899,12.500,17.229,24.267,27.000,30.000,34.000,38.000,42.000,47.000,52.000,58.000,63.400,67.780,70.000,73.000
Australia,AUS,East Asia & Pacific,High income,,,,,,,,,,,,,,,,,,,,,,,,,,,,,,,0.585,1.097,1.769,1.975,2.232,2.760,3.275,16.369,30.813,40.784,46.756,52.689,,,,63.000,66.000,69.450,71.670,74.250,76.000,79.488,79.000,83.453,84.000,84.561,88.239
Austria,AUT,Europe & Central Asia,High income,,,,,,,,,,,,,,,,,,,,,,,,,,,,,,,0.130,0.259,0.643,0.765,1.393,1.890,6.909,9.534,15.421,23.044,33.730,39.185,36.560,42.700,54.280,58.000,63.600,69.370,72.870,73.450,75.170,78.740,80.030,80.619,80.996,83.940,84.323
Azerbaijan,AZE,Europe & Central Asia,Upper middle income,,,,,,,,,,,,,,,,,,,,,,,,,,,,,,,0.000,,,,0.001,0.002,0.006,0.025,0.037,0.099,0.148,0.306,5.000,,,8.030,11.992,14.540,17.080,27.400,46.000,50.000,54.200,73.000,75.000,77.000,78.200
Burundi,BDI,Sub-Saharan Africa,Low income,0.000,,,,,0.000,,,,,0.000,,,,,0.000,0.000,0.000,0.000,0.000,0.000,0.000,0.000,0.000,0.000,0.000,0.000,0.000,0.000,0.000,0.000,0.000,0.000,0.000,0.000,0.000,0.001,0.008,0.016,0.039,0.077,0.106,0.118,0.201,0.349,0.542,0.658,0.700,0.810,0.900,1.000,1.110,1.220,1.264,1.380,4.866,5.174
Belgium,BEL,Europe & Central Asia,High income,,,,,,,,,,,,,,,,,,,,,,,,,,,,,,,0.001,0.020,0.100,0.199,0.696,0.992,2.968,4.938,7.887,13.772,29.432,31.288,46.330,49.970,53.860,55.820,59.720,64.440,66.000,70.000,75.000,81.610,80.720,82.170,85.000,85.053,86.517
Benin,BEN,Sub-Saharan Africa,Low income,,,,,,,,,,,,,,,,,,,,,,,,,,,,,,,0.000,,,,,,0.002,0.025,0.048,0.155,0.225,0.363,0.703,0.951,1.183,1.271,1.538,1.790,1.850,2.240,3.130,4.148,4.500,4.900,6.000,11.255,11.994
Burkina Faso,BFA,Sub-Saharan Africa,Low income,,,,,,,,,,,,,,,,,,,,,,,,,,,,,,,0.000,,,,,,0.001,0.019,0.045,0.062,0.077,0.158,0.201,0.373,0.400,0.470,0.633,0.750,0.920,1.130,2.400,3.000,3.725,9.100,9.400,11.388,13.960
Bangladesh,BGD,South Asia,Lower middle income,,,,,,,,,,,,,,,,,,,,,,,,,,,,,,,0.000,,,,,,,0.001,0.004,0.036,0.071,0.130,0.140,0.164,0.199,0.242,1.000,1.800,2.500,3.100,3.700,4.500,5.000,6.630,13.900,14.400,18.247
Bulgaria,BGR,Europe & Central Asia,Upper middle income,,,,,,,,,,,,,,,,,,,,,,,,,,,,,,,0.000,,,0.002,0.020,0.120,0.725,1.220,1.845,2.908,5.371,7.612,9.080,12.040,18.130,19.970,27.090,33.640,39.670,45.000,46.230,47.980,51.900,53.062,55.490,56.656,59.826
Bahrain,BHR,Middle East & North Africa,High income,,,,,,,,,,,,,,,,,,,,,,,,,,,,,,,0.000,,,,,0.346,0.843,1.646,3.218,4.720,6.154,15.039,18.051,21.555,21.459,21.304,28.244,32.910,51.950,53.000,55.000,77.000,88.000,90.000,90.503,93.478,98.000
"Bahamas, The",BHS,Latin America & Caribbean,High income,,,,,,,,,,,,,,,,,,,,,,,,,,,,,,,0.000,,,,,0.960,1.747,1.363,2.336,3.765,8.000,11.800,18.000,20.000,22.000,25.000,26.000,27.000,31.540,33.880,43.000,65.000,71.748,72.000,76.920,78.000,80.000
Bosnia and Herzegovina,BIH,Europe & Central Asia,Upper middle income,,,,,,,,,,,,,,,,,,,,,,,,,,,,,,,0.000,,,,,,0.015,0.059,0.144,0.194,1.083,1.201,2.648,3.965,15.469,21.327,25.122,27.920,34.660,37.740,42.750,43.888,45.065,48.521,49.918,52.603,54.737
Belarus,BLR,Europe & Central Asia,Upper middle income,,,,,,,,,,,,,,,,,,,,,,,,,,,,,,,0.000,,,,0.000,0.003,0.029,0.049,0.074,0.495,1.860,4.301,8.951,,,,16.200,19.700,23.000,27.430,31.800,39.649,46.910,54.170,59.020,67.300,71.113
Belize,BLZ,Latin America & Caribbean,Upper middle income,,,,,,,,,,,,,,,,,,,,,,,,,,,,,,,0.000,,,,,0.045,0.883,1.289,2.092,4.077,5.964,,5.684,,9.800,17.000,24.000,24.600,26.300,27.200,28.200,30.700,31.000,33.600,38.700,41.590,44.576
Bermuda,BMU,North America,High income,,,,,,,,,,,,,,,,,,,,,,,,,,,,,,,0.000,,,,,6.838,16.202,24.189,32.104,39.948,42.950,47.510,52.032,56.522,60.991,65.447,69.900,74.351,82.300,83.250,84.210,88.336,91.299,95.300,96.800,98.324,98.000
Bolivia,BOL,Latin America & Caribbean,Lower middle income,,,,,,,,,,,,,,,,,,,,,,,,,,,,,,,0.000,,,,,0.067,0.196,0.448,0.626,0.982,1.443,2.120,3.117,3.509,4.440,5.228,6.201,10.499,12.500,16.800,22.400,30.000,35.340,36.990,34.600,35.562,39.698
Brazil,BRA,Latin America & Caribbean,Upper middle income,,,,,,,,,,,,,,,,,,,,,,,,,,,,,,,0.000,0.003,0.013,0.025,0.038,0.105,0.451,0.786,1.478,2.039,2.871,4.528,9.149,13.208,19.074,21.023,28.178,30.880,33.830,39.220,40.650,45.690,48.560,51.040,54.551,58.328,60.873
Barbados,BRB,Latin America & Caribbean,High income,,,,,,,,,,,,,,,,,,,,,,,,,,,,,,,0.000,,,,,0.008,0.389,0.783,1.970,2.376,3.974,11.936,27.836,39.690,49.800,52.500,55.300,58.200,61.400,64.700,65.100,66.500,71.200,71.800,75.160,76.110,79.549
Brunei Darussalam,BRN,East Asia & Pacific,High income,,,,,,,,,,,,,,,,,,,,,,,,,,,,,,,0.000,,,,,1.017,3.303,4.831,6.285,7.671,8.996,12.918,15.330,19.595,29.716,36.466,42.186,44.680,46.000,49.000,53.000,56.000,60.273,64.500,68.770,71.200,90.000
Bhutan,BTN,South Asia,Lower middle income,,,,,,,,,,,,,,,,,,,,,,,,,,,,,,,0.000,,,,,,,,,0.138,0.401,0.865,1.676,2.437,3.157,3.847,4.518,5.920,6.550,7.170,13.600,14.400,15.600,22.400,30.300,39.800,41.773
Botswana,BWA,Sub-Saharan Africa,Upper middle income,0.000,,,,,0.000,,,,,0.000,,,,,0.000,0.000,0.000,0.000,0.000,0.000,0.000,0.000,0.000,0.000,0.000,0.000,0.000,0.000,0.000,0.000,0.000,,,,0.065,0.157,0.308,0.602,1.122,2.903,3.431,3.386,3.345,3.305,3.263,4.290,5.280,6.250,6.150,6.000,9.000,16.000,30.000,36.745,37.312,39.363
Central African Republic,CAF,Sub-Saharan Africa,Low income,,,,,,,,,,,,,,,,,,,,,,,,,,,,,,,0.000,,,,,,0.006,0.014,0.028,0.041,0.053,0.079,0.129,0.152,0.223,0.268,0.311,0.376,1.000,1.800,2.000,2.200,3.000,3.400,3.600,3.800,4.000
Canada,CAN,North America,High income,,,,,,,,,,,,,,,,,,,,,,,,,,,,,,,0.361,0.570,0.916,1.185,2.379,4.164,6.760,15.072,24.897,36.186,51.300,60.200,61.593,64.200,65.956,71.660,72.400,73.200,76.700,80.300,80.300,83.000,83.000,85.800,87.120,88.470,89.840
Central Europe and the Baltics,CEB,,,,,,,,,,,,,,,,,,,,,,,,,,,,,,,,,0.000,,,0.149,0.389,0.622,1.069,1.792,3.515,4.968,7.054,10.239,18.255,22.592,29.245,34.750,40.800,45.284,50.689,55.103,58.599,59.122,61.729,63.476,66.495,67.359,71.350
Switzerland,CHE,Europe & Central Asia,High income,,,,,,,,,,,,,,,,,,,,,,,,,,,,,,,0.596,1.180,1.752,2.167,2.720,3.552,4.550,15.100,24.800,34.000,47.100,55.100,61.400,65.100,67.800,70.100,75.700,77.200,79.200,81.300,83.900,85.193,85.200,86.340,87.400,87.479,89.135
Channel Islands,CHI,Europe & Central Asia,High income,,,,,,,,,,,,,,,,,,,,,,,,,,,,,,,,,,,,,,,,,,,,,,,,,,,,,,,,,
Chile,CHL,Latin America & Caribbean,High income,,,,,,,,,,,,,,,,,,,,,,,,,,,,,,,0.000,,0.037,0.072,0.141,0.347,0.683,1.057,1.662,4.103,16.600,19.100,22.100,25.474,28.178,31.175,34.498,35.900,37.300,41.560,45.000,52.250,55.050,58.000,61.110,64.289,66.010
China,CHN,East Asia & Pacific,Upper middle income,,,,,,,,,,,,,,,,,,,,,,,,,,,,,,,0.000,,,0.000,0.001,0.005,0.013,0.032,0.169,0.708,1.776,2.640,4.596,6.200,7.300,8.523,10.523,16.000,22.600,28.900,34.300,38.300,42.300,45.800,47.900,50.300,53.200
Cote d'Ivoire,CIV,Sub-Saharan Africa,Lower middle income,,,,,,,,,,,,,,,,,,,,,,,,,,,,,,,0.000,,,,,0.000,0.008,0.019,0.061,0.119,0.231,0.396,0.498,0.759,0.849,1.039,1.525,1.800,1.900,2.000,2.700,2.900,5.000,12.000,19.274,21.885,26.527
Cameroon,CMR,Sub-Saharan Africa,Lower middle income,,,,,,,,,,,,,,,,,,,,,,,,,,,,,,,0.000,,,,,,,0.007,0.013,0.129,0.252,0.277,0.361,0.588,0.976,1.403,2.029,2.930,3.400,3.840,4.300,5.000,7.500,10.000,16.215,20.680,25.000
"Congo, Dem. Rep.",COD,Sub-Saharan Africa,Low income,,,,,,,,,,,,,,,,,,,,,,,,,,,,,,,0.000,,,,,,0.000,0.000,0.000,0.001,0.006,0.011,0.093,0.135,0.196,0.238,0.296,0.370,0.440,0.560,0.720,1.200,1.680,2.200,3.000,3.800,6.210
"Congo, Rep.",COG,Sub-Saharan Africa,Lower middle income,,,,,,,,,,,,,,,,,,,,,,,,,,,,,,,0.000,,,,,,0.004,0.003,0.003,0.017,0.026,0.032,0.157,0.460,1.078,1.463,2.008,2.760,4.288,4.500,5.000,5.600,6.107,6.600,7.110,7.616,8.122
Colombia,COL,Latin America & Caribbean,Upper middle income,,,,,,,,,,,,,,,,,,,,,,,,,,,,,,,0.000,,,,0.107,0.188,0.330,0.551,1.126,1.698,2.208,2.854,4.600,7.389,9.119,11.007,15.342,21.800,25.600,30.000,36.500,40.351,48.980,51.700,52.570,55.905,58.136
Comoros,COM,Sub-Saharan Africa,Low income,,,,,,,,,,,,,,,,,,,,,,,,,,,,,,,0.000,,,,,,,0.000,0.038,0.148,0.272,0.443,0.555,0.848,1.327,2.000,2.200,2.500,3.000,3.500,5.100,5.500,5.975,6.500,6.980,7.459,7.938
Cabo Verde,CPV,Sub-Saharan Africa,Lower middle income,,,,,,,,,,,,,,,,,,,,,,,,,,,,,,,0.000,,,,,,,0.241,0.473,1.160,1.822,2.685,3.519,4.325,5.319,6.074,6.809,8.283,14.000,21.000,30.000,32.000,34.740,37.500,40.260,47.962,50.323
Costa Rica,CRI,Latin America & Caribbean,Upper middle income,,,,,,,,,,,,,,,,,,,,,,,,,,,,,,,0.000,,0.001,0.082,0.280,0.417,0.841,1.640,2.666,3.904,5.800,9.559,19.895,20.334,20.792,22.070,25.100,28.400,32.290,34.330,36.500,39.212,47.500,45.960,53.000,59.763,66.029
Caribbean small states,CSS,,,,,,,,,,,,,,,,,,,,,,,,,,,,,,,,,0.000,,,,,0.195,0.554,0.903,1.941,3.369,4.923,8.308,11.746,14.898,16.817,19.425,22.294,24.502,27.675,31.756,35.408,42.184,42.552,45.335,48.331,50.898,53.810
Cuba,CUB,Latin America & Caribbean,Upper middle income,,,,,,,,,,,,,,,,,,,,,,,,,,,,,,,0.000,,,,,0.000,0.032,0.068,0.227,0.315,0.541,1.080,3.771,5.241,8.408,9.738,11.160,11.690,12.940,14.330,15.900,16.017,21.200,27.930,29.070,37.305,38.766
Curacao,CUW,Latin America & Caribbean,High income,,,,,,,,,,,,,,,,,,,,,,,,,,,,,,,,,,,,,,,,,,,,,,,,,,,,,,,,,61.856
Cayman Islands,CYM,Latin America & Caribbean,High income,,,,,,,,,,,,,,,,,,,,,,,,,,,,,,,0.000,,,0.000,0.000,3.949,,,,,,,,,,38.034,44.500,52.000,61.000,64.500,66.000,69.466,69.700,71.400,74.100,77.000,79.000
Cyprus,CYP,Europe & Central Asia,High income,,,,,,,,,,,,,,,,,,,,,,,,,,,,,,,0.000,,0.050,0.056,0.111,0.410,0.673,4.378,8.891,11.342,15.255,18.819,28.320,30.090,33.830,32.810,35.830,40.770,42.310,49.810,52.990,56.860,60.690,65.455,69.330,71.716,75.900
Czech Republic,CZE,Europe & Central Asia,High income,,,,,,,,,,,,,,,,,,,,,,,,,,,,,,,0.000,,,0.581,1.259,1.454,1.940,2.916,3.896,6.833,9.781,14.697,23.930,34.300,35.500,35.270,47.930,51.930,62.970,64.430,68.820,70.490,73.430,74.110,74.232,75.669,76.481
Germany,DEU,Europe & Central Asia,High income,,,,,,,,,,,,,,,,,,,,,,,,,,,,,,,0.126,0.250,0.435,0.464,0.923,1.838,3.055,6.711,9.878,20.846,30.216,31.651,48.820,55.900,64.730,68.710,72.160,75.160,78.000,79.000,82.000,81.270,82.350,84.170,86.190,87.590,89.647
Djibouti,DJI,Middle East & North Africa,Lower middle income,,,,,,,,,,,,,,,,,,,,,,,,,,,,,,,0.000,,,,,0.016,0.031,0.083,0.095,0.106,0.195,0.344,0.487,0.626,0.781,0.954,1.270,1.620,2.260,4.000,6.500,7.000,8.267,9.500,10.710,11.922,13.135
Dominica,DMA,Latin America & Caribbean,Upper middle income,,,,,,,,,,,,,,,,,,,,,,,,,,,,,,,0.000,,,,,0.549,1.166,,2.925,2.932,8.815,13.245,18.425,23.620,30.320,38.544,39.398,40.274,41.160,42.020,47.450,48.600,49.800,51.000,57.500,65.000,67.030
Denmark,DNK,Europe & Central Asia,High income,,,,,,,,,,,,,,,,,,,,,,,,,,,,,,,0.097,0.194,0.387,0.578,1.344,3.826,5.715,11.382,22.669,30.592,39.172,42.958,64.250,76.260,80.930,82.740,86.650,85.030,85.020,86.840,88.720,89.810,92.260,94.630,95.990,96.331,96.968
Dominican Republic,DOM,Latin America & Caribbean,Upper middle income,,,,,,,,,,,,,,,,,,,,,,,,,,,,,,,0.000,,,,,0.017,0.075,0.143,0.234,1.105,3.705,4.429,6.824,7.898,8.866,11.483,14.845,17.660,20.820,27.720,31.400,38.000,42.320,45.900,49.580,54.216,61.328
Algeria,DZA,Middle East & North Africa,Upper middle income,,,,,,,,,,,,,,,,,,,,,,,,,,,,,,,0.000,,,,0.000,0.002,0.002,0.010,0.020,0.200,0.492,0.646,1.592,2.195,4.634,5.844,7.376,9.451,10.180,11.230,12.500,14.900,18.200,22.500,29.500,38.200,42.946
East Asia & Pacific,EAS,,,,,,,,,,,,,,,,,,,,,,,,,,,,,,,,,0.007,,,0.080,0.118,0.211,0.468,1.085,1.889,3.426,5.622,7.298,9.050,10.605,12.662,14.720,16.670,20.815,25.300,29.554,34.270,37.398,40.738,44.604,46.837,49.830,52.932
Europe & Central Asia,ECS,,,,,,,,,,,,,,,,,,,,,,,,,,,,,,,,,0.048,,0.262,0.318,0.564,1.023,1.841,3.354,5.429,9.225,13.158,16.387,23.002,28.300,32.283,35.147,38.015,43.616,47.318,50.541,56.094,58.810,63.603,66.324,68.997,71.132,73.355
Ecuador,ECU,Latin America & Caribbean,Upper middle income,,,,,,,,,,,,,,,,,,,,,,,,,,,,,,,0.000,,0.005,0.016,0.035,0.044,0.086,0.110,0.125,0.823,1.462,2.670,4.261,4.460,4.834,5.994,7.200,10.800,18.800,24.600,29.030,31.367,35.135,40.279,45.590,48.940,54.063
"Egypt, Arab Rep.",EGY,Middle East & North Africa,Lower middle income,,,,,,,,,,,,,,,,,,,,,,,,,,,,,,,0.000,,,0.001,0.006,0.031,0.061,0.090,0.148,0.290,0.641,0.839,2.720,4.038,11.920,12.750,13.660,16.030,18.010,20.000,21.600,25.600,26.400,29.400,33.895,37.819,41.248
Eritrea,ERI,Sub-Saharan Africa,Low income,,,,,,,,,,,,,,,,,,,,,,,,,,,,,,,0.000,,,0.000,0.000,0.000,0.000,0.009,0.009,0.025,0.137,0.158,0.227,,,,,0.410,0.470,0.540,0.610,0.700,0.800,0.900,0.990,1.084,1.177
Spain,ESP,Europe & Central Asia,High income,,,,,,,,,,,,,,,,,,,,,,,,,,,,,,,0.013,0.026,0.077,0.128,0.280,0.381,1.332,2.803,4.362,7.085,13.625,18.149,20.390,39.930,44.010,47.880,50.370,55.110,59.600,62.400,65.800,67.090,69.810,71.635,76.190,78.690,80.561
Estonia,EST,Europe & Central Asia,High income,,,,,,,,,,,,,,,,,,,,,,,,,,,,,,,0.000,,0.065,0.301,1.160,2.779,3.525,5.706,10.796,14.501,28.577,31.527,41.520,45.320,53.200,61.450,63.510,66.190,70.580,72.500,74.100,76.500,78.390,80.004,84.242,88.412,87.237
Ethiopia,ETH,Sub-Saharan Africa,Low income,,,,,,,,,,,,,,,,,,,,,,,,,,,,,,,0.000,,,,,0.000,0.002,0.005,0.010,0.013,0.015,0.037,0.072,0.106,0.155,0.220,0.311,0.370,0.450,0.540,0.750,1.100,2.900,4.600,7.700,13.855,15.367
European Union,EUU,,,,,,,,,,,,,,,,,,,,,,,,,,,,,,,,,0.069,0.172,0.310,0.434,0.826,1.580,2.804,5.111,8.409,14.549,20.513,25.275,35.069,41.772,46.772,50.925,54.519,60.295,64.218,67.278,70.713,71.630,73.834,75.687,77.312,78.636,80.942
Finland,FIN,Europe & Central Asia,High income,,,,,,,,,,,,,,,,,,,,,,,,,,,,,,,0.401,1.397,1.887,2.568,4.915,13.900,16.780,19.459,25.453,32.295,37.248,43.105,62.430,69.220,72.390,74.480,79.660,80.780,83.670,82.490,86.890,88.710,89.880,91.514,86.530,86.422,87.704
Fiji,FJI,East Asia & Pacific,Upper middle income,,,,,,,,,,,,,,,,,,,,,,,,,,,,,,,0.000,,,0.007,0.008,0.009,0.064,0.223,0.633,0.942,1.497,1.858,6.153,6.725,7.413,8.454,9.600,10.898,13.000,17.000,20.000,28.000,33.742,35.200,37.400,42.500,46.507
France,FRA,Europe & Central Asia,High income,,,,,,,,,,,,,,,,,,,,,,,,,,,,,,,0.053,0.140,0.279,0.591,0.900,1.638,2.584,4.255,6.320,9.125,14.308,26.326,30.180,36.140,39.150,42.870,46.870,66.090,70.680,71.580,77.280,77.820,81.440,81.920,83.750,84.695,85.622
Faroe Islands,FRO,Europe & Central Asia,High income,,,,,,,,,,,,,,,,,,,,,,,,,,,,,,,0.000,,,,,0.000,2.319,4.601,11.338,22.298,32.916,43.247,53.299,58.913,66.534,67.903,69.359,75.980,75.570,75.180,75.200,80.732,85.335,90.000,93.300,94.200,95.109
"Micronesia, Fed. Sts.",FSM,East Asia & Pacific,Lower middle income,,,,,,,,,,,,,,,,,,,,,,,,,,,,,,,0.000,,,,,,0.278,0.571,1.859,2.798,3.735,4.661,5.570,9.233,11.018,11.881,12.750,13.621,14.490,15.350,20.000,22.800,25.974,27.800,29.650,31.501,33.352
Gabon,GAB,Sub-Saharan Africa,Upper middle income,,,,,,,,,,,,,,,,,,,,,,,,,,,,,,,0.000,,,,,,0.000,0.048,0.170,0.249,1.216,1.348,1.940,2.660,2.979,4.893,5.489,5.767,7.500,9.500,13.000,18.000,24.000,30.538,38.071,45.785,48.052
United Kingdom,GBR,Europe & Central Asia,High income,,,,,,,,,,,,,,,,,,,,,,,,,,,,,,,0.087,0.174,0.261,0.520,1.037,1.895,4.124,7.385,13.670,21.294,26.822,33.481,56.480,64.820,65.610,70.000,68.820,75.090,78.390,83.560,85.000,85.380,87.480,89.844,91.610,92.000,94.776
Georgia,GEO,Europe & Central Asia,Lower middle income,,,,,,,,,,,,,,,,,,,,,,,,,,,,,,,0.000,,,,,0.012,0.040,0.061,0.103,0.416,0.485,0.992,1.588,2.559,3.886,6.079,7.527,8.260,10.010,20.070,26.900,31.520,36.940,43.300,44.000,47.570,58.006
Ghana,GHA,Sub-Saharan Africa,Lower middle income,,,,,,,,,,,,,,,,,,,,,,,,,,,,,,,0.000,,,,,0.000,0.006,0.028,0.032,0.105,0.154,0.200,0.830,1.193,1.717,1.831,2.723,3.850,4.270,5.440,7.800,9.000,10.600,15.000,25.518,31.448,34.666
Gibraltar,GIB,Europe & Central Asia,High income,,,,,,,,,,,,,,,,,,,,,,,,,,,,,,,0.000,,,,,,,2.663,4.184,5.937,19.132,21.171,23.670,28.326,32.886,39.070,45.299,51.610,58.000,65.070,65.000,65.000,65.017,,,,94.444
Guinea,GIN,Sub-Saharan Africa,Low income,,,,,,,,,,,,,,,,,,,,,,,,,,,,,,,0.000,,,,0.000,0.001,0.002,0.004,0.006,0.061,0.095,0.176,0.402,0.451,0.509,0.542,0.637,0.780,0.920,0.940,1.000,2.000,3.100,4.500,6.400,8.200,9.800
"Gambia, The",GMB,Sub-Saharan Africa,Low income,,,,,,,,,,,,,,,,,,,,,,,,,,,,,,,0.000,,,,,0.009,0.036,0.051,0.206,0.716,0.922,1.337,1.797,2.437,3.308,3.799,5.238,6.205,6.880,7.630,9.200,10.870,12.449,14.000,15.560,16.500,18.500
Guinea-Bissau,GNB,Sub-Saharan Africa,Low income,,,,,,,,,,,,,,,,,,,,,,,,,,,,,,,0.000,,,,,,,0.016,0.024,0.118,0.230,0.300,1.023,1.354,1.808,1.901,2.057,2.206,2.355,2.303,2.450,2.672,2.894,3.100,3.320,3.541,3.761
Equatorial Guinea,GNQ,Sub-Saharan Africa,Upper middle income,,,,,,,,,,,,,,,,,,,,,,,,,,,,,,,0.000,,,,,,,0.041,0.094,0.097,0.132,0.165,0.321,0.521,0.844,1.150,1.279,1.557,1.820,2.130,6.000,11.500,13.943,16.400,18.860,21.320,23.780
Greece,GRC,Europe & Central Asia,High income,,,,,,,,,,,,,,,,,,,,,,,,,,,,,,,0.000,0.049,0.048,0.191,0.378,0.750,1.395,1.850,3.222,6.877,9.139,10.935,14.670,17.800,21.420,24.000,32.250,35.880,38.200,42.400,44.400,51.650,55.070,59.866,63.210,66.835,69.088
Grenada,GRD,Latin America & Caribbean,Upper middle income,0.000,,,,,0.000,,,,,0.000,,,,,0.000,0.000,0.000,0.000,0.000,0.000,0.000,0.000,0.000,0.000,0.000,0.000,0.000,0.000,0.000,0.000,0.000,0.000,0.000,0.000,0.000,0.298,0.991,1.485,2.473,4.064,5.128,14.759,18.645,19.571,20.488,21.396,22.290,23.180,24.050,27.000,30.000,32.000,35.000,51.600,53.810,55.856
Greenland,GRL,Europe & Central Asia,High income,,,,,,,,,,,,,,,,,,,,,,,,,,,,,,,0.000,,,,0.065,0.054,1.797,7.955,14.654,21.603,31.748,35.464,44.155,54.534,56.099,57.703,59.362,61.070,62.820,62.830,63.000,64.000,64.896,65.800,66.700,67.600,68.501
Guatemala,GTM,Latin America & Caribbean,Upper middle income,,,,,,,,,,,,,,,,,,,,,,,,,,,,,,,0.000,,,,,0.003,0.020,0.095,0.467,0.593,0.712,1.738,3.392,4.549,5.100,5.700,6.500,7.300,8.300,9.300,10.500,12.300,16.000,19.700,23.400,28.806,34.509
Guam,GUM,East Asia & Pacific,High income,,,,,,,,,,,,,,,,,,,,,,,,,,,,,,,0.000,,,,0.348,0.660,1.356,2.345,4.501,8.497,16.113,25.380,31.192,33.717,36.162,38.560,43.851,46.150,48.419,50.642,54.040,57.700,61.534,65.400,69.270,73.140,77.010
Guyana,GUY,Latin America & Caribbean,Upper middle income,,,,,,,,,,,,,,,,,,,,,,,,,,,,,,,0.000,,,,,,0.066,0.132,0.264,3.966,6.611,13.207,,,,,,13.800,18.200,23.900,29.900,30.000,30.500,31.000,32.000,34.000,35.660
"Hong Kong SAR, China",HKG,East Asia & Pacific,High income,,,,,,,,,,,,,,,,,,,,,,,,,,,,,,,0.000,0.121,0.850,1.335,2.784,3.219,4.749,10.519,14.546,21.231,27.828,38.671,43.082,52.200,56.400,56.900,60.800,64.800,66.700,69.400,72.000,72.200,72.900,74.200,79.866,84.948,87.478
Honduras,HND,Latin America & Caribbean,Lower middle income,,,,,,,,,,,,,,,,,,,,,,,,,,,,,,,0.000,,,,,0.037,0.044,0.171,0.301,0.574,1.204,1.415,2.597,4.800,5.600,6.500,7.800,9.400,9.600,9.800,11.090,15.900,18.120,17.800,19.080,27.620,30.000
Croatia,HRV,Europe & Central Asia,High income,,,,,,,,,,,,,,,,,,,,,,,,,,,,,,,0.000,,,0.097,0.268,0.514,0.859,1.730,3.273,4.405,6.645,11.559,17.760,22.750,30.910,33.140,37.980,41.440,44.240,50.580,56.550,57.790,61.940,66.748,68.570,69.803,72.697
Haiti,HTI,Latin America & Caribbean,Low income,,,,,,,,,,,,,,,,,,,,,,,,,,,,,,,0.000,,,,,,0.007,,0.024,0.071,0.231,0.341,0.893,1.647,5.401,6.376,6.796,7.200,7.600,8.100,8.370,9.000,9.800,10.600,11.400,12.198,12.233
Hungary,HUN,Europe & Central Asia,High income,,,,,,,,,,,,,,,,,,,,,,,,,,,,,,,0.000,0.003,0.048,0.193,0.484,0.677,0.969,1.942,3.895,5.858,7.000,14.529,16.670,21.630,27.740,38.970,47.060,53.300,61.000,62.000,65.000,68.020,70.580,72.644,75.653,72.835,79.259
Indonesia,IDN,East Asia & Pacific,Lower middle income,,,,,,,,,,,,,,,,,,,,,,,,,,,,,,,0.000,,,,0.001,0.026,0.057,0.195,0.255,0.444,0.926,2.019,2.134,2.387,2.600,3.602,4.765,5.786,7.917,6.920,10.920,12.280,14.520,14.940,17.140,21.976,25.366
Isle of Man,IMN,Europe & Central Asia,High income,,,,,,,,,,,,,,,,,,,,,,,,,,,,,,,,,,,,,,,,,,,,,,,,,,,,,,,,,
India,IND,South Asia,Lower middle income,,,,,,,,,,,,,,,,,,,,,,,,,,,,,,,0.000,,0.000,0.000,0.001,0.026,0.046,0.071,0.139,0.273,0.528,0.660,1.538,1.686,1.976,2.388,2.805,3.950,4.380,5.120,7.500,10.070,12.580,15.100,21.000,26.000,29.547
Not classified,INX,,,,,,,,,,,,,,,,,,,,,,,,,,,,,,,,,,,,,,,,,,,,,,,,,,,,,,,,,,,
Ireland,IRL,Europe & Central Asia,High income,,,,,,,,,,,,,,,,,,,,,,,,,,,,,,,0.000,0.057,0.170,0.281,0.558,1.108,2.199,4.088,8.096,10.934,17.850,23.139,25.850,34.310,36.990,41.610,54.820,61.158,65.340,67.380,69.850,74.890,76.920,78.248,83.492,83.495,85.011
"Iran, Islamic Rep.",IRN,Middle East & North Africa,Upper middle income,,,,,,,,,,,,,,,,,,,,,,,,,,,,,,,0.000,,,,0.000,0.004,0.016,0.047,0.100,0.379,0.934,1.484,4.626,6.934,7.490,8.100,8.760,9.470,12.020,13.800,15.900,19.000,22.730,29.950,39.350,45.335,53.227
Iraq,IRQ,Middle East & North Africa,Upper middle income,,,,,,,,,,,,,,,,,,,,,,,,,,,,,,,0.000,,,,,,,,,,,0.100,0.500,0.600,0.900,0.900,0.952,0.930,1.000,1.060,2.500,5.000,7.100,9.200,13.210,17.220,21.230
Iceland,ISL,Europe & Central Asia,High income,,,,,,,,,,,,,,,,,,,,,,,,,,,,,,,0.000,0.505,1.539,2.668,6.795,11.216,14.806,27.479,36.264,41.295,44.471,49.393,79.120,83.140,83.880,87.000,89.510,90.600,91.000,93.000,93.390,94.820,96.210,96.547,98.160,98.200,98.240
Israel,ISR,Middle East & North Africa,High income,,,,,,,,,,,,,,,,,,,,,,,,,,,,,,,0.111,0.215,0.311,0.399,0.577,0.930,2.168,4.399,10.307,13.436,20.874,17.379,17.765,19.593,22.770,25.194,27.881,48.128,59.390,63.120,67.500,68.874,70.800,70.250,75.018,77.352,79.653
Italy,ITA,Europe & Central Asia,High income,,,,,,,,,,,,,,,,,,,,,,,,,,,,,,,0.018,0.035,0.070,0.122,0.192,0.524,1.023,2.277,4.559,14.378,23.111,27.222,28.040,29.040,33.240,35.000,37.990,40.790,44.530,48.830,53.680,54.390,55.830,58.459,55.638,58.142,61.324
Jamaica,JAM,Latin America & Caribbean,Upper middle income,,,,,,,,,,,,,,,,,,,,,,,,,,,,,,,0.000,,,,0.037,0.109,0.591,0.798,1.979,2.356,3.116,3.863,6.100,7.800,10.000,12.800,16.400,21.100,23.600,24.300,27.670,37.439,33.790,37.100,40.403,42.221,45.000
Jordan,JOR,Middle East & North Africa,Upper middle income,,,,,,,,,,,,,,,,,,,,,,,,,,,,,,,0.000,,,,,0.023,0.045,0.599,1.306,2.527,2.623,4.706,6.026,8.466,11.659,12.933,13.867,20.000,23.000,26.000,27.200,34.900,37.000,41.400,46.200,60.114,62.302
Japan,JPN,East Asia & Pacific,High income,,,,,,,,,,,,,,,,,,,,,,,,,,,,,,,0.020,0.040,0.097,0.401,0.800,1.594,4.373,9.163,13.414,21.391,29.991,38.532,46.594,48.435,62.394,66.921,68.685,74.300,75.400,78.000,78.210,79.054,79.496,88.219,89.107,91.058,93.183
Kazakhstan,KAZ,Europe & Central Asia,Upper middle income,,,,,,,,,,,,,,,,,,,,,,,,,,,,,,,0.000,,,,0.001,0.011,0.032,0.065,0.131,0.464,0.669,1.006,1.675,2.000,2.650,2.962,3.268,4.020,11.000,18.200,31.600,50.600,61.907,63.304,66.000,70.830,74.588
Kenya,KEN,Sub-Saharan Africa,Lower middle income,,,,,,,,,,,,,,,,,,,,,,,,,,,,,,,0.000,,,,,0.001,0.009,0.034,0.050,0.114,0.318,0.620,1.208,2.942,3.024,3.102,3.600,4.400,5.200,6.100,7.200,8.800,10.500,13.000,16.500,21.000,26.000
Kyrgyz Republic,KGZ,Europe & Central Asia,Lower middle income,,,,,,,,,,,,,,,,,,,,,,,,,,,,,,,0.000,,,,,,,,0.073,0.205,1.041,3.003,2.999,3.909,5.090,10.534,12.307,14.030,15.700,16.000,16.300,17.500,19.800,23.000,28.300,30.247,34.500
Cambodia,KHM,East Asia & Pacific,Lower middle income,,,,,,,,,,,,,,,,,,,,,,,,,,,,,,,0.000,,,,,,,0.006,0.016,0.032,0.047,0.077,0.227,0.261,0.300,0.317,0.468,0.490,0.510,0.530,1.260,3.100,4.940,6.800,14.000,22.327,32.398
Kiribati,KIR,East Asia & Pacific,Lower middle income,,,,,,,,,,,,,,,,,,,,,,,,,,,,,,,0.000,,,,,,,,0.617,1.212,1.785,2.337,2.500,3.000,3.500,4.000,4.500,6.000,7.000,8.970,9.070,10.000,10.747,11.500,12.250,12.997,13.700
St. Kitts and Nevis,KNA,Latin America & Caribbean,High income,,,,,,,,,,,,,,,,,,,,,,,,,,,,,,,0.000,,,,,,1.946,2.259,3.344,4.400,5.863,7.715,21.152,22.970,24.738,34.000,38.500,43.500,49.200,55.700,63.000,63.200,64.000,64.600,68.000,75.700,76.818
"Korea, Rep.",KOR,East Asia & Pacific,High income,,,,,,,,,,,,,,,,,,,,,,,,,,,,,,,0.023,0.046,0.098,0.250,0.311,0.820,1.624,3.601,6.782,23.552,44.700,56.600,59.400,65.500,72.700,73.500,78.100,78.800,81.000,81.600,83.700,83.759,84.070,84.770,87.557,89.649,92.843
Kuwait,KWT,Middle East & North Africa,High income,,,,,,,,,,,,,,,,,,,,,,,,,,,,,,,0.000,,,0.091,0.147,0.203,0.856,2.175,3.052,4.756,6.731,8.552,10.249,22.403,22.927,25.926,28.791,34.800,42.000,50.800,61.400,65.769,70.450,75.460,78.700,77.523,78.367
Lao PDR,LAO,East Asia & Pacific,Lower middle income,,,,,,,,,,,,,,,,,,,,,,,,,,,,,,,0.000,,,,,,,,0.010,0.038,0.111,0.182,0.268,0.334,0.361,0.850,1.170,1.640,3.550,6.000,7.000,9.000,10.748,12.500,14.260,18.200,21.870
Lebanon,LBN,Middle East & North Africa,Upper middle income,,,,,,,,,,,,,,,,,,,,,,,,,,,,,,,0.000,,,,,0.072,0.140,1.241,2.722,5.377,7.953,6.783,7.000,8.000,9.000,10.140,15.000,18.740,22.530,30.140,43.680,52.000,61.250,70.500,73.000,74.000,76.110
Liberia,LBR,Sub-Saharan Africa,Low income,,,,,,,,,,,,,,,,,,,,,,,,,,,,,,,0.000,,,,,,,0.004,0.004,0.011,0.018,0.034,0.033,0.032,0.031,,,0.551,0.530,2.000,2.300,2.500,2.600,3.200,5.410,5.904,7.319
Libya,LBY,Middle East & North Africa,Upper middle income,,,,,,,,,,,,,,,,,,,,,,,,,,,,,,,0.000,,,,,,,,,0.134,0.187,0.367,2.244,2.815,3.533,3.918,4.301,4.722,9.000,10.800,14.000,14.000,,16.500,17.760,19.016,20.272
St. Lucia,LCA,Latin America & Caribbean,Upper middle income,,,,,,,,,,,,,,,,,,,,,,,,,,,,,,,0.000,,,,,0.306,0.670,0.992,1.305,1.932,5.090,8.182,14.642,20.982,21.395,21.568,24.500,27.900,30.000,31.000,32.500,34.000,34.820,36.000,36.600,42.531,46.729
Latin America & Caribbean,LCN,,,,,,,,,,,,,,,,,,,,,,,,,,,,,,,,,0.000,,0.014,0.030,0.050,0.110,0.309,0.609,1.229,2.052,3.889,5.634,8.863,11.271,14.399,16.622,20.756,23.713,26.510,31.039,34.712,39.353,43.182,46.261,48.778,54.304,56.841
Liechtenstein,LIE,Europe & Central Asia,High income,,,,,,,,,,,,,,,,,,,,,,,,,,,,,,,0.000,,,,,,,,,,36.515,45.117,59.471,58.810,64.007,63.371,64.214,65.080,70.000,75.000,80.000,85.000,89.408,93.800,95.210,96.641,98.094
Sri Lanka,LKA,South Asia,Lower middle income,,,,,,,,,,,,,,,,,,,,,,,,,,,,,,,0.000,,,,0.003,0.005,0.054,0.162,0.296,0.348,0.647,0.794,1.050,1.459,1.446,1.792,2.538,3.880,5.800,8.780,12.000,15.000,18.285,21.900,25.800,29.989,32.051
Lesotho,LSO,Sub-Saharan Africa,Lower middle income,,,,,,,,,,,,,,,,,,,,,,,,,,,,,,,0.000,,,,,,0.003,0.006,0.011,0.054,0.212,0.261,1.084,1.532,2.176,2.580,2.980,3.445,3.580,3.720,3.860,7.000,10.000,15.000,22.000,25.000,27.360
Lithuania,LTU,Europe & Central Asia,High income,,,,,,,,,,,,,,,,,,,,,,,,,,,,,,,0.000,,,,,,0.277,0.978,1.972,2.923,6.427,7.179,17.690,25.910,31.230,36.220,43.900,49.900,55.220,59.760,62.120,63.640,67.230,68.453,72.130,71.378,74.377
Luxembourg,LUX,Europe & Central Asia,High income,,,,,,,,,,,,,,,,,,,,,,,,,,,,,,,0.000,,0.153,0.302,0.496,1.591,5.552,7.143,11.746,17.388,22.887,36.163,39.840,54.550,65.880,70.000,72.510,78.920,82.230,87.310,90.620,90.030,91.950,93.777,94.670,97.334,98.137
Latvia,LVA,Europe & Central Asia,High income,,,,,,,,,,,,,,,,,,,,,,,,,,,,,,,0.000,,,,,,0.813,2.053,3.315,4.387,6.319,7.219,21.940,26.980,38.580,46.000,53.630,59.170,63.410,66.840,68.420,69.750,73.120,75.234,75.830,79.201,79.842
"Macao SAR, China",MAC,East Asia & Pacific,High income,,,,,,,,,,,,,,,,,,,,,,,,,,,,,,,0.000,,,,0.037,0.280,0.727,2.364,7.003,9.212,13.609,22.521,25.172,25.742,31.484,34.863,46.400,47.327,49.240,54.000,55.198,60.204,61.310,65.800,69.780,77.600,81.643
St. Martin (French part),MAF,Latin America & Caribbean,High income,,,,,,,,,,,,,,,,,,,,,,,,,,,,,,,,,,,,,,,,,,,,,,,,,,,,,,,,,
Morocco,MAR,Middle East & North Africa,Lower middle income,,,,,,,,,,,,,,,,,,,,,,,,,,,,,,,0.000,,,,,0.004,0.006,0.022,0.142,0.176,0.694,1.371,2.373,3.353,11.608,15.084,19.771,21.500,33.100,41.300,52.000,46.107,55.416,56.000,56.800,57.080,58.271
Monaco,MCO,Europe & Central Asia,High income,,,,,,,,,,,,,,,,,,,,,,,,,,,,,,,0.000,,,,,,,,,,42.185,46.646,48.047,49.491,52.490,55.465,61.476,64.378,67.250,70.100,75.000,80.300,87.000,90.700,92.400,93.363,95.208
Moldova,MDA,Europe & Central Asia,Lower middle income,,,,,,,,,,,,,,,,,,,,,,,,,,,,,,,0.000,,,,0.001,0.003,0.005,0.028,0.261,0.601,1.283,1.488,3.787,7.408,10.629,14.630,19.621,20.450,23.390,27.500,32.300,38.000,43.370,60.000,67.000,69.000,71.000
Madagascar,MDG,Sub-Saharan Africa,Low income,,,,,,,,,,,,,,,,,,,,,,,,,,,,,,,0.000,,,,,,0.004,0.014,0.063,0.169,0.196,0.223,0.340,0.423,0.525,0.568,0.608,0.650,1.650,1.630,1.700,1.900,2.300,3.000,3.700,4.174,4.714
Maldives,MDV,South Asia,Upper middle income,0.000,,,,,0.000,,,,,0.000,,,,,0.000,0.000,0.000,0.000,0.000,0.000,0.000,0.000,0.000,0.000,0.000,0.000,0.000,0.000,0.000,0.000,0.000,0.000,0.000,0.000,0.000,0.227,0.309,0.570,1.120,2.204,3.617,5.348,5.977,6.588,6.870,11.036,16.300,23.200,24.800,26.530,34.000,38.930,44.100,49.280,54.462,59.093
Middle East & North Africa,MEA,,,,,,,,,,,,,,,,,,,,,,,,,,,,,,,,,0.002,,,,,0.037,0.084,0.228,0.486,0.918,1.692,2.085,3.772,5.150,8.435,9.838,11.855,15.076,18.753,21.618,24.873,27.836,31.611,35.328,40.240,44.335,48.178
Mexico,MEX,Latin America & Caribbean,Upper middle income,,,,,,,,,,,,,,,,,,,,,,,,,,,,,,,0.000,0.006,0.017,0.028,0.043,0.103,0.200,0.627,1.266,1.857,5.081,7.038,11.900,12.900,14.100,17.210,19.520,20.810,21.710,26.340,31.050,37.176,39.750,43.460,44.390,57.431,59.540
Marshall Islands,MHL,East Asia & Pacific,Upper middle income,,,,,,,,,,,,,,,,,,,,,,,,,,,,,,,0.000,0.000,0.000,0.000,0.000,0.000,0.037,,,0.966,1.534,1.707,2.335,2.570,3.600,3.879,3.796,3.950,4.600,5.600,7.000,10.000,12.500,14.000,16.800,19.282,29.788
"Macedonia, FYR",MKD,Europe & Central Asia,Upper middle income,,,,,,,,,,,,,,,,,,,,,,,,,,,,,,,0.000,,,,,0.041,0.076,0.504,1.003,1.497,2.486,3.468,17.330,19.070,24.440,26.450,28.620,36.300,46.040,51.770,51.900,56.700,57.450,65.240,68.060,70.380,72.157
Mali,MLI,Sub-Saharan Africa,Low income,,,,,,,,,,,,,,,,,,,,,,,,,,,,,,,0.000,,,,,,0.002,0.010,0.020,0.061,0.143,0.186,0.227,0.310,0.433,0.507,0.730,0.810,1.570,1.800,2.000,2.200,2.800,3.500,7.000,10.330,11.112
Malta,MLT,Middle East & North Africa,High income,,,,,,,,,,,,,,,,,,,,,,,,,,,,,,,0.000,,,,,0.225,1.052,3.921,6.501,7.760,13.114,17.878,28.920,31.640,34.620,41.240,40.410,46.900,50.080,58.860,63.000,68.020,68.200,68.914,73.170,76.184,77.289
Myanmar,MMR,East Asia & Pacific,Lower middle income,,,,,,,,,,,,,,,,,,,,,,,,,,,,,,,0.000,,,,,,,,,0.000,,0.000,0.000,0.024,0.024,0.065,0.182,0.217,0.220,0.220,0.250,0.980,4.000,8.000,11.520,21.726,25.073
Montenegro,MNE,Europe & Central Asia,Upper middle income,,,,,,,,,,,,,,,,,,,,,,,,,,,,,,,,,,,,,,,,,,,,,25.350,27.100,28.900,30.800,32.900,35.100,37.500,35.612,56.839,60.310,61.000,68.120,69.882
Mongolia,MNG,East Asia & Pacific,Lower middle income,,,,,,,,,,,,,,,,,,,,,,,,,,,,,,,0.000,,,,,0.009,0.018,0.113,0.146,0.508,1.256,1.653,2.040,,,,,9.000,9.800,10.000,10.200,12.500,16.400,17.700,19.942,21.436,22.266
Northern Mariana Islands,MNP,East Asia & Pacific,High income,,,,,,,,,,,,,,,,,,,,,,,,,,,,,,,0.000,,,,,,,,,,,,,,,,,,,,,,,,,,
Mozambique,MOZ,Sub-Saharan Africa,Low income,,,,,,,,,,,,,,,,,,,,,,,,,,,,,,,0.000,,,,,,0.003,0.012,0.020,0.056,0.110,0.160,0.260,0.420,0.679,0.854,0.843,0.910,1.560,2.680,4.170,4.300,6.000,7.294,9.236,16.934,17.521
Mauritania,MRT,Sub-Saharan Africa,Lower middle income,,,,,,,,,,,,,,,,,,,,,,,,,,,,,,,0.000,,,,,,,0.004,0.041,0.118,0.192,0.261,0.363,0.424,0.481,0.670,0.980,1.434,1.870,2.280,4.000,4.500,5.000,6.200,10.700,15.199,18.000
Mauritius,MUS,Sub-Saharan Africa,Upper middle income,,,,,,,,,,,,,,,,,,,,,,,,,,,,,,,0.000,,,,,,0.184,0.476,2.565,4.652,7.282,8.781,10.253,12.187,13.689,15.172,16.700,20.220,21.810,22.510,28.330,34.950,35.420,40.117,44.803,50.139,52.191
Malawi,MWI,Sub-Saharan Africa,Low income,,,,,,,,,,,,,,,,,,,,,,,,,,,,,,,0.000,,,,,,,0.005,0.018,0.087,0.127,0.164,0.215,0.279,0.348,0.384,0.425,0.966,0.700,1.070,2.260,3.330,4.351,5.050,5.830,9.298,9.614
Malaysia,MYS,East Asia & Pacific,Upper middle income,,,,,,,,,,,,,,,,,,,,,,,,,,,,,,,0.000,,0.001,0.026,0.100,0.146,0.852,2.307,6.752,12.306,21.385,26.696,32.338,34.971,42.252,48.629,51.638,55.700,55.800,55.900,56.300,61.000,65.800,57.058,63.665,71.064,78.788
North America,NAC,,,,,,,,,,,,,,,,,,,,,,,,,,,,,,,,,0.743,1.104,1.644,2.164,4.616,8.732,15.461,20.969,29.581,35.883,43.887,50.172,59.060,61.942,64.875,68.332,69.274,74.822,74.269,71.927,72.550,71.059,75.535,72.851,74.427,75.964,77.563
Namibia,NAM,Sub-Saharan Africa,Upper middle income,,,,,,,,,,,,,,,,,,,,,,,,,,,,,,,0.000,,,,,0.006,0.009,0.059,0.287,0.336,1.645,2.417,2.634,3.360,3.805,4.010,4.399,4.836,5.329,6.500,11.600,12.000,12.941,13.900,14.840,25.688,31.033
New Caledonia,NCL,East Asia & Pacific,High income,,,,,,,,,,,,,,,,,,,,,,,,,,,,,,,0.000,,,,,0.005,0.253,0.989,1.936,5.688,13.940,18.237,22.390,26.408,30.298,32.359,33.516,35.050,34.510,33.990,42.000,50.000,58.000,66.000,70.000,74.002,
Niger,NER,Sub-Saharan Africa,Low income,,,,,,,,,,,,,,,,,,,,,,,,,,,,,,,0.000,,,,,,0.001,0.002,0.003,0.028,0.036,0.105,0.127,0.156,0.190,0.221,0.294,0.390,0.700,0.760,0.830,1.300,1.408,1.700,1.950,2.476,4.323
Nigeria,NGA,Sub-Saharan Africa,Lower middle income,,,,,,,,,,,,,,,,,,,,,,,,,,,,,,,0.000,,,,,,0.009,0.017,0.025,0.041,0.064,0.090,0.320,0.559,1.286,3.549,5.545,6.770,8.000,9.300,11.500,13.800,16.100,19.100,21.000,24.500,25.670
Nicaragua,NIC,Latin America & Caribbean,Lower middle income,,,,,,,,,,,,,,,,,,,,,,,,,,,,,,,0.000,,,,0.013,0.030,0.084,0.206,0.304,0.498,0.980,1.449,1.715,1.880,2.321,2.566,2.806,3.900,5.300,7.300,10.000,10.600,13.500,15.500,17.600,19.704,24.572
Netherlands,NLD,Europe & Central Asia,High income,,,,,,,,,,,,,,,,,,,,,,,,,,,,,,,0.334,0.531,1.320,1.967,3.257,6.473,9.649,14.066,22.244,39.176,43.984,49.373,61.290,64.350,68.520,81.000,83.700,85.820,87.420,89.630,90.720,91.420,92.860,93.956,91.667,91.724,90.411
Norway,NOR,Europe & Central Asia,High income,,,,,,,,,,,,,,,,,,,,,,,,,,,,,,,0.707,1.407,2.216,2.784,4.152,6.423,18.250,20.418,22.560,40.000,52.000,64.000,72.840,78.130,77.690,81.990,82.550,86.930,90.570,92.080,93.390,93.490,94.650,95.053,96.300,96.810,97.298
Nepal,NPL,South Asia,Low income,,,,,,,,,,,,,,,,,,,,,,,,,,,,,,0.000,0.000,0.000,0.000,0.000,0.000,0.001,0.005,0.022,0.064,0.147,0.205,0.240,0.313,0.383,0.450,0.827,1.141,1.410,1.730,1.970,7.930,9.000,11.149,13.300,15.440,17.582,19.689
Nauru,NRU,East Asia & Pacific,Upper middle income,,,,,,,,,,,,,,,,,,,,,,,,,,,,,,,0.000,,,,,,,,,,,2.987,,,,,,,,,,54.000,,,,,
New Zealand,NZL,East Asia & Pacific,High income,,,,,,,,,,,,,,,,,,,,,,,,,,,,,,,0.000,,0.286,0.631,3.169,4.884,8.042,14.602,31.636,41.494,47.380,53.241,59.081,60.963,61.848,62.720,69.000,69.760,72.030,79.700,80.460,81.230,81.644,82.780,85.500,88.223,88.470
Oman,OMN,Middle East & North Africa,High income,,,,,,,,,,,,,,,,,,,,,,,,,,,,,,,0.000,,,,,,0.000,0.440,0.863,2.516,3.520,5.894,6.873,7.256,6.759,6.684,8.300,16.680,20.000,26.800,35.828,48.000,60.000,66.450,70.220,66.134,69.929
Other small states,OSS,,,,,,,,,,,,,,,,,,,,,,,,,,,,,,,,,0.000,,,,,,0.862,1.482,2.535,3.350,5.404,6.655,8.605,10.345,12.134,12.860,14.226,16.044,18.650,20.628,24.192,27.794,31.093,35.939,39.714,43.287,45.730
Pakistan,PAK,South Asia,Lower middle income,,,,,,,,,,,,,,,,,,,,,,,,,,,,,,,0.000,,,,,0.000,0.003,0.028,0.044,0.055,,1.319,2.577,5.041,6.164,6.332,6.500,6.800,7.000,7.500,8.000,9.000,9.960,10.900,12.000,14.000,15.515
Panama,PAN,Latin America & Caribbean,High income,,,,,,,,,,,,,,,,,,,,,,,,,,,,,,,0.000,,,,0.008,0.056,0.220,0.539,2.751,3.837,6.555,7.268,8.518,9.987,11.141,11.484,17.350,22.290,33.820,39.080,40.100,42.700,40.302,44.030,44.920,51.205,54.000
Peru,PER,Latin America & Caribbean,Upper middle income,,,,,,,,,,,,,,,,,,,,,,,,,,,,,,,0.000,,,,0.009,0.033,0.246,0.403,1.190,1.952,3.076,7.579,8.967,11.600,14.100,17.100,20.700,25.200,30.570,31.400,34.770,36.010,38.200,39.200,40.200,40.900,45.462
Philippines,PHL,East Asia & Pacific,Lower middle income,,,,,,,,,,,,,,,,,,,,,,,,,,,,,,,0.000,,,,0.006,0.029,0.056,0.137,1.103,1.432,1.982,2.524,4.332,4.858,5.244,5.398,5.741,5.970,6.220,9.000,25.000,29.000,36.235,48.099,49.600,53.700,55.500
Palau,PLW,East Asia & Pacific,High income,,,,,,,,,,,,,,,,,,,,,,,,,,,,,,,0.000,,,,,,,,,,,,20.244,21.602,26.970,,,,,,,,,,,,
Papua New Guinea,PNG,East Asia & Pacific,Lower middle income,,,,,,,,,,,,,,,,,,,,,,,,,,,,,,,0.000,,,,,,0.002,0.101,0.235,0.667,0.835,0.904,1.322,1.374,1.508,1.716,1.754,1.791,1.150,1.610,1.280,2.000,3.500,5.100,6.500,7.900,9.602
Poland,POL,Europe & Central Asia,High income,,,,,,,,,,,,,,,,,,,,,,,,,,,,,,,0.000,0.005,0.052,0.130,0.389,0.648,1.295,2.073,4.102,5.456,7.285,9.901,21.150,24.870,32.530,38.810,44.580,48.600,53.130,58.970,62.320,61.950,62.310,62.849,66.600,67.997,73.301
Puerto Rico,PRI,Latin America & Caribbean,High income,,,,,,,,,,,,,,,,,,,,,,,,,,,,,,,0.000,,,,0.027,0.135,0.268,1.332,2.648,5.266,10.475,15.630,17.548,19.707,22.131,23.400,25.442,27.860,38.000,41.500,45.300,48.000,69.000,69.000,76.134,79.469,80.320
"Korea, Dem. Peopleâ€™s Rep.",PRK,East Asia & Pacific,Low income,,,,,,,,,,,,,,,,,,,,,,,,,,,,,,,0.000,,,,,,,0.000,0.000,0.000,0.000,0.000,0.000,0.000,0.000,0.000,0.000,0.000,0.000,0.000,0.000,0.000,0.000,,,,
Portugal,PRT,Europe & Central Asia,High income,,,,,,,,,,,,,,,,,,,,,,,,,,,,,,,0.000,0.100,0.250,0.450,0.719,1.494,2.981,4.953,9.870,14.742,16.430,18.087,19.370,29.670,31.780,34.990,38.010,42.090,44.130,48.270,53.300,55.250,60.340,62.096,64.590,68.633,70.424
Paraguay,PRY,Latin America & Caribbean,Upper middle income,,,,,,,,,,,,,,,,,,,,,,,,,,,,,,,0.000,,,,,,0.020,0.100,0.195,0.382,0.748,1.099,1.795,2.112,3.452,7.907,7.962,11.210,14.270,18.900,19.800,24.764,29.340,36.900,43.000,48.439,51.350
West Bank and Gaza,PSE,Middle East & North Africa,Lower middle income,,,,,,,,,,,,,,,,,,,,,,,,,,,,,,,0.000,,,,,,,,,,1.111,1.837,3.100,4.131,4.401,16.005,18.410,21.176,24.358,32.230,37.400,41.080,43.400,46.600,53.670,57.424,61.178
Pacific island small states,PSS,,,,,,,,,,,,,,,,,,,,,,,,,,,,,,,,,0.000,,,,,0.022,0.131,0.285,0.612,0.871,1.458,1.861,3.994,4.546,5.171,5.579,6.494,7.393,8.692,10.872,12.975,17.649,20.721,22.031,24.737,27.947,30.607
French Polynesia,PYF,East Asia & Pacific,High income,,,,,,,,,,,,,,,,,,,,,,,,,,,,,,,0.000,,,,,,0.091,0.214,1.316,3.449,6.357,6.252,8.200,14.124,17.885,21.542,25.108,28.590,33.870,44.600,49.000,49.000,52.877,56.800,60.680,64.560,68.440
Qatar,QAT,Middle East & North Africa,High income,,,,,,,,,,,,,,,,,,,,,,,,,,,,,,,0.000,,,,,0.190,0.930,3.084,3.520,4.071,4.864,6.170,10.226,19.242,20.702,24.733,28.974,37.000,44.300,53.100,69.000,69.000,69.300,85.300,91.490,92.885,94.291
Romania,ROU,Europe & Central Asia,Upper middle income,,,,,,,,,,,,,,,,,,,,,,,,,,,,,,,0.000,,,0.004,0.026,0.075,0.222,0.445,2.238,2.698,3.614,4.539,6.580,8.900,15.000,21.500,24.660,28.300,32.420,36.600,39.930,40.010,45.880,49.765,54.080,55.763,59.504
Russian Federation,RUS,Europe & Central Asia,Upper middle income,,,,,,,,,,,,,,,,,,,,,,,,,,,,,,,0.000,,0.001,0.013,0.054,0.148,0.270,0.473,0.813,1.019,1.977,2.944,4.128,8.299,12.859,15.227,18.023,24.660,26.830,29.000,43.000,49.000,63.800,67.970,70.520,73.410,73.091
Rwanda,RWA,Sub-Saharan Africa,Low income,,,,,,,,,,,,,,,,,,,,,,,,,,,,,,,0.000,,,,,,0.001,0.002,0.012,0.067,0.063,0.241,0.293,0.357,0.431,0.556,,2.115,4.500,7.700,8.000,7.000,8.024,9.000,10.600,18.000,20.000
South Asia,SAS,,,,,,,,,,,,,,,,,,,,,,,,,,,,,,,,,0.000,,0.000,0.000,0.001,0.023,0.041,0.060,0.117,0.227,0.475,0.661,1.460,1.831,2.170,2.534,2.972,3.965,4.409,5.149,7.206,9.398,11.521,13.756,19.083,23.204,26.478
Saudi Arabia,SAU,Middle East & North Africa,High income,,,,,,,,,,,,,,,,,,,,,,,,,,,,,,,0.000,,,,,0.011,0.027,0.052,0.101,0.494,2.211,4.681,6.385,8.002,10.235,12.705,19.460,30.000,36.000,38.000,41.000,47.500,54.000,60.500,64.714,69.616,73.751
Sudan,SDN,Sub-Saharan Africa,Lower middle income,,,,,,,,,,,,,,,,,,,,,,,,,,,,,,,0.000,,,,0.000,0.000,0.000,0.001,0.005,0.009,0.026,0.140,0.439,0.538,0.792,1.292,,8.660,,,16.700,17.460,21.000,22.700,24.640,26.615,28.000
Senegal,SEN,Sub-Saharan Africa,Low income,,,,,,,,,,,,,,,,,,,,,,,,,,,,,,,0.000,,,,,0.001,0.011,0.027,0.080,0.311,0.404,0.984,1.006,2.101,4.386,4.787,5.612,6.890,7.120,7.500,8.000,9.800,10.800,13.100,17.700,21.690,25.665
Singapore,SGP,East Asia & Pacific,High income,,,,,,,,,,,,,,,,,,,,,,,,,,,,,,,0.000,0.162,0.471,0.763,1.185,2.873,8.350,13.472,19.591,24.155,36.000,41.670,47.000,53.838,62.000,61.000,59.000,69.900,69.000,69.000,71.000,71.000,72.000,80.902,79.029,79.013,81.000
Solomon Islands,SLB,East Asia & Pacific,Lower middle income,,,,,,,,,,,,,,,,,,,,,,,,,,,,,,,0.000,,,,,0.025,0.269,0.392,0.508,0.495,0.481,0.469,0.502,0.556,0.650,0.844,1.646,2.000,3.000,4.000,5.000,6.000,6.997,8.000,9.000,10.000,11.001
Sierra Leone,SLE,Sub-Saharan Africa,Low income,,,,,,,,,,,,,,,,,,,,,,,,,,,,,,,0.000,,,0.000,0.000,0.000,0.003,0.005,0.015,0.048,0.118,0.160,0.176,0.190,0.203,0.215,0.228,0.240,0.250,0.260,0.580,0.900,2.500,4.000,6.057,6.344,11.773
El Salvador,SLV,Latin America & Caribbean,Lower middle income,,,,,,,,,,,,,,,,,,,,,,,,,,,,,,,0.000,,,,,,0.086,0.257,0.425,0.845,1.177,1.500,1.900,2.500,3.200,4.200,5.500,6.110,10.080,12.110,15.900,18.900,20.321,23.109,24.762,26.803,28.997
San Marino,SMR,Europe & Central Asia,High income,,,,,,,,,,,,,,,,,,,,,,,,,,,,,,,0.000,,,,,1.362,1.428,1.419,1.409,42.803,48.799,50.342,50.835,50.003,50.566,50.260,50.209,50.365,54.520,54.210,,49.600,,,,,
Somalia,SOM,Sub-Saharan Africa,Low income,,,,,,,,,,,,,,,,,,,,,,,,,,,,,,,0.000,,,,,0.000,0.002,0.003,0.007,0.014,0.020,0.079,0.116,0.376,1.053,1.077,1.100,1.122,1.143,1.161,,1.250,1.377,1.500,1.630,1.760,1.880
Serbia,SRB,Europe & Central Asia,Upper middle income,,,,,,,,,,,,,,,,,,,,,,,,,,,,,,,,,,,,,,,,,,,,,23.500,26.300,27.200,33.150,35.600,38.100,40.900,42.200,48.100,53.450,62.075,65.317,67.057
South Sudan,SSD,Sub-Saharan Africa,Low income,,,,,,,,,,,,,,,,,,,,,,,,,,,,,,,,,,,,,,,,,,,,,,,,,,,,,,3.830,4.516,5.500,6.680
Sub-Saharan Africa,SSF,,,,,,,,,,,,,,,,,,,,,,,,,,,,,,,,,0.000,,,,,,0.070,0.131,0.238,0.366,0.509,0.650,0.835,1.115,1.511,2.042,2.703,3.422,3.880,4.599,6.993,8.391,10.270,12.335,14.700,17.896,19.922
Small states,SST,,,,,,,,,,,,,,,,,,,,,,,,,,,,,,,,,0.000,,,,,,0.724,1.258,2.255,3.181,5.015,6.693,8.928,10.849,12.604,13.659,15.272,17.253,19.869,22.265,25.725,29.984,32.675,36.888,40.435,43.784,46.315
Sao Tome and Principe,STP,Sub-Saharan Africa,Lower middle income,,,,,,,,,,,,,,,,,,,,,,,,,,,,,,,0.000,,,,,,,,0.296,0.363,4.639,6.311,7.581,10.162,13.323,13.759,14.182,14.590,15.480,16.410,18.750,20.161,21.572,23.000,24.410,25.820,28.000
Suriname,SUR,Latin America & Caribbean,Upper middle income,,,,,,,,,,,,,,,,,,,,,,,,,,,,,,,0.000,,,,,0.115,0.226,1.003,1.670,1.892,2.506,3.064,4.162,4.720,6.076,6.403,9.500,14.110,21.060,31.360,31.590,32.000,34.681,37.400,40.080,42.764,45.400
Slovak Republic,SVK,Europe & Central Asia,High income,,,,,,,,,,,,,,,,,,,,,,,,,,,,,,,0.000,,,0.128,0.319,0.523,0.783,1.173,2.690,5.438,9.427,12.528,40.140,43.040,52.890,55.190,56.080,61.800,66.050,70.000,75.710,74.440,76.710,77.883,79.980,77.635,80.476
Slovenia,SVN,Europe & Central Asia,High income,,,,,,,,,,,,,,,,,,,,,,,,,,,,,,,0.000,,,0.410,1.072,2.899,5.072,7.592,10.105,12.611,15.110,30.176,27.839,31.855,40.810,46.810,54.010,56.740,58.000,64.000,70.000,67.340,68.350,72.676,71.590,73.099,75.499
Sweden,SWE,Europe & Central Asia,High income,,,,,,,,,,,,,,,,,,,,,,,,,,,,,,,0.584,1.161,1.498,1.716,3.413,5.098,9.044,23.728,33.468,41.433,45.688,51.766,70.570,79.130,83.890,84.830,87.760,82.010,90.000,91.000,90.000,92.770,93.180,94.784,92.520,90.610,89.651
Swaziland,SWZ,Sub-Saharan Africa,Lower middle income,,,,,,,,,,,,,,,,,,,,,,,,,,,,,,,0.000,,,,,0.001,0.050,0.089,0.096,0.471,0.926,1.282,1.816,2.437,3.229,3.697,3.697,4.100,6.850,8.940,11.040,18.130,20.782,24.700,26.175,25.643,28.574
Sint Maarten (Dutch part),SXM,Latin America & Caribbean,High income,,,,,,,,,,,,,,,,,,,,,,,,,,,,,,,,,,,,,,,,,,,,,,,,,,,,,,,,,
Seychelles,SYC,Sub-Saharan Africa,High income,,,,,,,,,,,,,,,,,,,,,,,,,,,,,,,0.000,,,,,,0.651,1.283,2.526,6.229,7.396,11.015,14.304,14.593,24.272,25.413,34.952,38.380,40.440,,41.000,43.164,47.076,50.400,51.255,54.260,56.515
Syrian Arab Republic,SYR,Middle East & North Africa,Low income,0.000,,,,,0.000,,,,,0.000,,,,,0.000,0.000,0.000,0.000,0.000,0.000,0.000,0.000,0.000,0.000,0.000,0.000,0.000,0.000,0.000,0.000,0.000,0.000,0.000,0.000,0.000,0.000,0.033,0.064,0.124,0.182,0.354,2.093,3.398,4.322,5.648,7.833,11.500,14.000,17.300,20.700,22.500,24.300,26.200,28.090,29.980,31.870
Turks and Caicos Islands,TCA,Latin America & Caribbean,High income,,,,,,,,,,,,,,,,,,,,,,,,,,,,,,,0.000,,,,,,,,,,,,,,,,,,,,,,,,,,
Chad,TCD,Sub-Saharan Africa,Low income,,,,,,,,,,,,,,,,,,,,,,,,,,,,,,,0.000,,,,,,,0.001,0.004,0.012,0.036,0.046,0.166,0.320,0.361,0.399,0.581,0.847,1.190,1.500,1.700,1.900,2.100,2.500,2.900,3.500,5.000
Togo,TGO,Sub-Saharan Africa,Low income,0.000,,,,,0.000,,,,,0.000,,,,,0.000,0.000,0.000,0.000,0.000,0.000,0.000,0.000,0.000,0.000,0.000,0.000,0.000,0.000,0.000,0.000,0.000,0.000,0.000,0.000,0.000,0.011,0.211,0.306,0.590,0.800,0.900,1.000,1.200,1.500,1.800,2.000,2.200,2.400,2.600,3.000,3.500,4.000,4.500,5.700,7.120,11.310
Thailand,THA,East Asia & Pacific,Upper middle income,0.000,,,,,0.000,,,,,0.000,,,,,0.000,0.000,0.000,0.000,0.000,0.000,0.000,0.000,0.000,0.000,0.000,0.000,0.000,0.000,0.000,0.000,0.000,0.000,0.014,0.039,0.075,0.115,0.361,1.091,2.426,3.689,5.556,7.531,9.299,10.677,15.026,17.161,20.030,18.200,20.100,22.400,23.670,26.460,28.940,34.890,39.316,47.505
Tajikistan,TJK,Europe & Central Asia,Low income,,,,,,,,,,,,,,,,,,,,,,,,,,,,,,,0.000,,,,,,,,,0.033,0.049,0.051,0.055,0.065,0.077,0.299,3.772,7.198,8.780,10.070,11.550,13.030,14.510,16.000,17.490,18.980,20.470
Turkmenistan,TKM,Europe & Central Asia,Upper middle income,,,,,,,,,,,,,,,,,,,,,,,,,,,,,,,0.000,,,,,,,,,0.045,0.133,0.175,0.302,0.425,0.754,0.997,1.320,1.406,1.750,1.950,3.000,5.000,7.196,9.600,12.200,14.997,17.990
Timor-Leste,TLS,East Asia & Pacific,Lower middle income,,,,,,,,,,,,,,,,,,,,,,,,,,,,,,,0.000,,,,,,,,,,,,0.000,,,0.099,0.500,1.000,1.500,2.000,3.000,4.000,7.000,11.000,17.500,23.000,25.246
Tonga,TON,East Asia & Pacific,Upper middle income,,,,,,,,,,,,,,,,,,,,,,,,,,,,,,,0.000,,,,,0.123,0.164,0.511,0.765,1.018,2.434,2.825,2.907,2.986,3.952,4.908,5.854,7.180,8.111,10.000,16.000,25.000,30.000,32.754,35.954,38.651,39.950
Trinidad and Tobago,TTO,Latin America & Caribbean,High income,,,,,,,,,,,,,,,,,,,,,,,,,,,,,,,0.000,,,,,0.158,0.393,1.173,2.725,5.814,7.721,15.385,21.999,25.972,27.024,28.977,30.004,32.300,34.800,44.300,48.500,55.200,59.516,63.800,65.100,69.198,73.297
Tunisia,TUN,Middle East & North Africa,Lower middle income,,,,,,,,,,,,,,,,,,,,,,,,,,,,,,,0.000,,,,0.007,0.011,0.028,0.044,0.108,1.602,2.751,4.298,5.253,6.491,8.529,9.655,12.986,17.100,27.530,34.070,36.800,39.100,41.442,43.800,46.160,46.500,49.600
Turkey,TUR,Europe & Central Asia,Upper middle income,,,,,,,,,,,,,,,,,,,,,,,,,,,,,,,0.000,,,0.008,0.050,0.082,0.193,0.474,0.699,2.292,3.762,5.189,11.380,12.330,14.580,15.460,18.240,28.630,34.370,36.400,39.820,43.066,45.130,46.250,51.040,53.745,58.348
Tuvalu,TUV,East Asia & Pacific,Upper middle income,,,,,,,,,,,,,,,,,,,,,,,,,,,,,,,0.000,,,,,,,,,,5.242,,,,,,,10.000,15.000,20.000,25.000,30.000,35.000,37.000,39.200,42.700,46.009
Tanzania,TZA,Sub-Saharan Africa,Low income,,,,,,,,,,,,,,,,,,,,,,,,,,,,,,,0.000,,,,,,0.002,0.008,0.009,0.075,0.117,0.171,0.222,0.677,0.878,1.100,1.300,1.600,1.900,2.400,2.900,3.200,3.950,4.400,7.000,10.000,13.000
Uganda,UGA,Sub-Saharan Africa,Low income,,,,,,,,,,,,,,,,,,,,,,,,,,,,,,,0.000,,,,,0.003,0.005,0.010,0.065,0.106,0.164,0.238,0.384,0.465,0.720,1.742,2.529,3.672,7.900,9.780,12.500,13.014,14.100,15.500,16.900,17.835,21.876
Ukraine,UKR,Europe & Central Asia,Lower middle income,,,,,,,,,,,,,,,,,,,,,,,,,,,,,,,0.000,,,0.001,0.014,0.043,0.099,0.199,0.301,0.405,0.716,1.239,1.874,3.148,3.489,3.750,4.506,6.550,11.000,17.900,23.300,28.708,35.270,40.954,46.236,48.885,52.482
Uruguay,URY,Latin America & Caribbean,High income,,,,,,,,,,,,,,,,,,,,,,,,,,,,,,,0.000,,,,0.062,0.310,1.847,3.363,6.987,9.973,10.539,11.121,11.419,15.937,17.063,20.088,29.400,34.000,39.300,41.800,46.400,51.405,54.454,57.690,61.460,64.600,66.400
United States,USA,North America,High income,,,,,,,,,,,,,,,,,,,,,,,,,,,,,,,0.785,1.163,1.724,2.272,4.863,9.237,16.419,21.616,30.093,35.849,43.079,49.081,58.785,61.697,64.758,67.968,68.931,75.000,74.000,71.000,71.690,69.729,74.700,71.400,73.000,74.554,76.177
Uzbekistan,UZB,Europe & Central Asia,Lower middle income,,,,,,,,,,,,,,,,,,,,,,,,,,,,,,,0.000,,,,,0.002,0.004,0.011,0.021,0.031,0.484,0.598,1.082,1.913,2.594,3.344,6.388,7.491,9.080,11.900,15.900,18.600,23.600,26.800,35.500,42.800,46.791
St. Vincent and the Grenadines,VCT,Latin America & Caribbean,Upper middle income,,,,,,,,,,,,,,,,,,,,,,,,,,,,,,,0.000,,,,,0.129,0.483,0.926,1.854,2.782,3.245,5.095,5.550,6.462,7.371,9.198,12.000,16.000,21.000,31.000,33.700,36.700,40.000,43.500,47.400,51.770,55.575
"Venezuela, RB",VEN,Latin America & Caribbean,Upper middle income,,,,,,,,,,,,,,,,,,,,,,,,,,,,,,,0.000,,0.012,0.042,0.055,0.122,0.248,0.391,1.384,2.840,3.360,4.636,4.910,7.500,8.404,12.553,15.225,20.830,25.880,32.700,37.370,40.220,49.050,54.900,57.000,61.869,60.000
British Virgin Islands,VGB,Latin America & Caribbean,High income,,,,,,,,,,,,,,,,,,,,,,,,,,,,,,,0.000,,,,,,,,,,,,18.886,,,,,,,36.000,37.000,37.400,37.600,,,,
Virgin Islands (U.S.),VIR,Latin America & Caribbean,High income,,,,,,,,,,,,,,,,,,,,,,,,,,,,,,,0.000,,,,0.941,2.802,4.647,6.948,9.245,11.075,13.815,18.376,27.494,27.429,27.377,27.344,27.333,27.339,27.362,27.397,31.220,35.600,40.548,45.300,50.070,54.839,59.608
Vietnam,VNM,East Asia & Pacific,Lower middle income,,,,,,,,,,,,,,,,,,,,,,,,,,,,,,,0.000,,,,,,0.000,0.004,0.013,0.129,0.254,1.266,1.855,3.780,7.642,12.740,17.255,20.755,23.920,26.550,30.650,35.070,36.800,38.500,41.000,43.500,46.500
Vanuatu,VUT,East Asia & Pacific,Lower middle income,,,,,,,,,,,,,,,,,,,,,,,,,,,,,,,0.000,,,,,,0.057,0.140,0.274,0.538,2.108,2.831,3.510,3.903,4.747,5.082,5.851,6.800,7.269,7.500,8.000,9.200,10.598,11.300,18.800,22.351,24.000
World,WLD,,,,,,,,,,,,,,,,,,,,,,,,,,,,,,,,,0.049,,,0.252,0.447,0.777,1.326,2.042,3.142,4.639,6.743,8.077,10.549,12.235,14.127,15.729,17.493,20.425,22.951,25.356,28.734,31.125,34.194,36.726,39.792,43.080,45.785
Samoa,WSM,East Asia & Pacific,Upper middle income,,,,,,,,,,,,,,,,,,,,,,,,,,,,,,,0.000,,,,,,,0.175,0.230,0.285,0.566,1.690,2.245,2.800,3.076,3.353,4.469,4.750,5.032,6.000,7.000,11.000,12.922,15.300,21.200,25.407,29.412
Kosovo,XKX,Europe & Central Asia,Lower middle income,,,,,,,,,,,,,,,,,,,,,,,,,,,,,,,,,,,,,,,,,,,,,,,,,,,,,,,,,
"Yemen, Rep.",YEM,Middle East & North Africa,Low income,,,,,,,,,,,,,,,,,,,,,,,,,,,,,,,0.000,,,,,,0.001,0.015,0.023,0.057,0.083,0.091,0.519,0.605,0.881,1.049,1.248,5.010,6.890,9.960,12.350,14.905,17.447,20.000,22.550,24.085,24.579
South Africa,ZAF,Sub-Saharan Africa,Upper middle income,,,,,,,,,,,,,,,,,,,,,,,,,,,,,,,0.000,0.013,0.039,0.114,0.247,0.677,0.842,1.632,2.906,4.116,5.349,6.347,6.710,7.008,8.425,7.489,7.607,8.065,8.430,10.000,24.000,33.970,41.000,46.500,49.000,51.919,54.000
Zambia,ZMB,Sub-Saharan Africa,Lower middle income,,,,,,,,,,,,,,,,,,,,,,,,,,,,,,,0.000,,,,0.007,0.009,0.009,0.009,0.030,0.147,0.191,0.233,0.478,0.980,2.014,2.852,4.160,4.870,5.550,6.310,10.000,11.500,13.468,15.400,19.000,21.000,25.507
Zimbabwe,ZWE,Sub-Saharan Africa,Low income,,,,,,,,,,,,,,,,,,,,,,,,,,,,,,,0.000,,,,0.002,0.008,0.017,0.033,0.082,0.162,0.401,0.800,1.100,1.800,2.100,2.400,2.400,3.000,3.500,4.000,6.400,8.400,12.000,15.500,16.365,22.743,23.120